{"cameraMode":{"drawMode":0,"name":"Shaded","section":"Shading Mode"},"sceneLighting":true,"audioPlay":false,"sceneViewState":{"showFog":true,"showMaterialUpdate":false,"showSkybox":true,"showFlares":true,"showImageEffects":true,"showParticleSystems":true},"in2DMode":false,"pivot":{"x":-2.1603965759277345,"y":-0.3832249343395233,"z":0.9757143259048462},"rotation":{"x":-0.13333433866500855,"y":0.791807234287262,"z":-0.1864907294511795,"w":-0.5661144256591797},"size":11.073081016540528,"orthographic":false}